ticket_id,subject,body
2,Erro na Autocompletação de Código do IntelliJ IDEA,"Prezado Suporte ao Cliente <name>,

Estou escrevendo para trazer à sua atenção um problema recorrente com o recurso de autocompletação de código no IntelliJ IDEA 2024.1. Este problema específico faz com que o aplicativo travar frequentemente durante o desenvolvimento, o que está prejudicando significativamente minha produtividade. Cada vez que tento usar o recurso de autocompletação de código, o software fica sem resposta, levando eventualmente a um travamento. Já tentei os passos comuns de solução de problemas, como reinstalação e aplicação das atualizações mais recentes, mas o problema persiste. Agradeceria sua orientação sobre como resolver esse problema o mais rápido possível. Obrigado pela sua atenção.

Atenciosamente,
<name>"
28,Problemas intermitentes de exibição após atualização de firmware,"Caro Suporte ao Cliente,

 Estou entrando em contato para relatar um problema com meu Samsung QLED QN90A que comprei em sua loja. Após a recente atualização de firmware, estou enfrentando problemas intermitentes de exibição. A tela às vezes pisca e às vezes perde o sinal completamente, o que prejudica significativamente minha experiência de visualização.

 Esses problemas começaram a ocorrer imediatamente após a atualização de firmware, sugerindo uma possível causa. Tentei solucionar o problema verificando todas as conexões e reiniciando a TV para as configurações de fábrica, mas o problema persiste.

 Você poderia me fornecer orientações sobre como resolver isso ou me informar os próximos passos? Se um retrocesso de firmware ou uma correção estiver disponível, isso seria extremamente útil para recuperar a funcionalidade total da minha TV.

 Obrigado antecipadamente pela sua assistência. Aguardo uma solução rápida.

 Atenciosamente,

 <name>
 <email>
 <tel_num>"
45,Pedido de Assistência para Administração de Servidores,"Prezado Suporte ao Cliente de Serviços de TI,

Espero que esta mensagem o encontre bem. Estou escrevendo para solicitar assistência adicional com a administração do servidor para melhorar a eficiência e o desempenho de nossos sistemas atuais. Acreditamos que aproveitar seus serviços de consultoria pode nos ajudar a alcançar essas melhorias e abordar quaisquer desafios existentes que estamos enfrentando.

Nosso principal objetivo é otimizar as operações do servidor para apoiar nosso crescimento e garantir a confiabilidade de nossa infraestrutura de TI. Após revisar seus Serviços de Consultoria de TI, estamos confiantes de que a experiência de sua equipe pode fornecer insights e soluções valiosas adaptadas às nossas necessidades específicas.

Poderíamos, por favor, agendar uma consulta com um de seus especialistas na sua primeira conveniência? Estamos ansiosos para discutir estratégias potenciais, planos de serviço e quaisquer recomendações que você possa ter. Aguardamos ansiosamente o refinamento de nossos sistemas e a sua adaptação às melhores práticas.

Obrigado pela sua atenção a este pedido. Agradecemos sua assistência e estamos animados com a possibilidade de colaborar com sua equipe.

Atenciosamente,

<name>
<position>
<company>
<tel_num>
<email>"
46,,"Prezado <name>,

Sentimos muito ao saber sobre o atraso na entrega do seu Apple Watch Series 7 GPS. Compreendemos sua preocupação e estamos atualmente investigando o problema. Esperamos que seu pacote chegue em breve. Pedimos desculpas por quaisquer transtornos que isso possa ter ocasionado e agradecemos sua compreensão. Se você tiver mais dúvidas, entre em contato conosco pelo <tel_num> ou responda este e-mail.

Agradecemos por escolher nossa loja online!

Cordialmente,
Equipe de Atendimento ao Cliente"
63,Urgente: Relato de Falha na Bateria do MacBook Air M1 Adquirido na Loja Virtual,"Prezado Atendimento ao Cliente,<br><br>Recentemente adquiri um MacBook Air M1 em sua loja virtual e estou enfrentando sérios problemas com a bateria. Ela se esgota de forma extremamente rápida. Por favor, me avisem sobre os passos que devo seguir para realizar uma substituição ou um conserto.<br><br>Atenciosamente,<br><nome>"
